<edmx:Edmx
    xmlns:edmx="http://schemas.microsoft.com/ado/2007/06/edmx"
    xmlns:m="http://schemas.microsoft.com/ado/2007/08/dataservices/metadata"
    xmlns:sap="http://www.sap.com/Protocols/SAPData" Version="1.0">
    <edmx:DataServices m:DataServiceVersion="2.0">
        <Schema
            xmlns="http://schemas.microsoft.com/ado/2008/09/edm" Namespace="ZPF_CONTACTS_SRV" xml:lang="en" sap:schema-version="1">
            <EntityType Name="CONTACTSENTITY" sap:content-version="1">
                <Key>
                    <PropertyRef Name="Mandt"/>
                    <PropertyRef Name="Id"/>
                </Key>
                <Property Name="Mandt" Type="Edm.String" Nullable="false" MaxLength="3" sap:unicode="false" sap:label="Client" sap:creatable="false" sap:updatable="false"/>
                <Property Name="Id" Type="Edm.String" Nullable="false" MaxLength="32" sap:unicode="false" sap:label="Contacts ID" sap:creatable="false" sap:updatable="false"/>
                <Property Name="Name" Type="Edm.String" Nullable="false" MaxLength="80" sap:unicode="false" sap:label="Complete name" sap:creatable="false" sap:updatable="false"/>
                <Property Name="Email" Type="Edm.String" Nullable="false" MaxLength="241" sap:unicode="false" sap:label="E-Mail Address" sap:creatable="false" sap:updatable="false"/>
            </EntityType>
            <EntityContainer Name="ZPF_CONTACTS_SRV_Entities" m:IsDefaultEntityContainer="true" sap:supported-formats="atom json xlsx">
                <EntitySet Name="CONTACTSENTITYSet" EntityType="ZPF_CONTACTS_SRV.CONTACTSENTITY" sap:creatable="false" sap:updatable="false" sap:deletable="false" sap:pageable="false" sap:content-version="1"/>
            </EntityContainer>
            <atom:link
                xmlns:atom="http://www.w3.org/2005/Atom" rel="self" href="./sap/ZPF_CONTACTS_SRV/$metadata"/>
                <atom:link
                    xmlns:atom="http://www.w3.org/2005/Atom" rel="latest-version" href="./sap/ZPF_CONTACTS_SRV/$metadata"/>
                </Schema>
            </edmx:DataServices>
        </edmx:Edmx>