<edmx:Edmx
    xmlns:edmx="http://schemas.microsoft.com/ado/2007/06/edmx"
    xmlns:m="http://schemas.microsoft.com/ado/2007/08/dataservices/metadata"
    xmlns:sap="http://www.sap.com/Protocols/SAPData" Version="1.0">
    <edmx:DataServices m:DataServiceVersion="2.0">
        <Schema
            xmlns="http://schemas.microsoft.com/ado/2008/09/edm" Namespace="ZTESTMARIUSMONEA1_SRV" xml:lang="en" sap:schema-version="1">
            <EntityType Name="POHeader" sap:content-version="1">
                <Key>
                    <PropertyRef Name="Ebeln"/>
                </Key>
                <Property Name="Ebeln" Type="Edm.String" Nullable="false" MaxLength="10" sap:unicode="false" sap:label="Purchasing Doc." sap:creatable="false" sap:updatable="false" sap:sortable="false" sap:filterable="false"/>
                <Property Name="Bukrs" Type="Edm.String" Nullable="false" MaxLength="4" sap:unicode="false" sap:label="Company Code" sap:creatable="false" sap:updatable="false" sap:sortable="false" sap:filterable="false"/>
                <Property Name="Bstyp" Type="Edm.String" Nullable="false" MaxLength="1" sap:unicode="false" sap:label="Doc. Category" sap:creatable="false" sap:updatable="false" sap:sortable="false" sap:filterable="false"/>
                <Property Name="Bsart" Type="Edm.String" Nullable="false" MaxLength="4" sap:unicode="false" sap:label="Document Type" sap:creatable="false" sap:updatable="false" sap:sortable="false" sap:filterable="false"/>
                <Property Name="Loekz" Type="Edm.String" Nullable="false" MaxLength="1" sap:unicode="false" sap:label="Deletion ind." sap:creatable="false" sap:updatable="false" sap:sortable="false" sap:filterable="false"/>
                <Property Name="Statu" Type="Edm.String" Nullable="false" MaxLength="1" sap:unicode="false" sap:label="Status" sap:creatable="false" sap:updatable="false" sap:sortable="false" sap:filterable="false"/>
                <Property Name="Ernam" Type="Edm.String" Nullable="false" MaxLength="12" sap:unicode="false" sap:label="Created by" sap:creatable="false" sap:updatable="false" sap:sortable="false" sap:filterable="false"/>
                <Property Name="Lifnr" Type="Edm.String" Nullable="false" MaxLength="10" sap:unicode="false" sap:label="Supplier" sap:creatable="false" sap:updatable="false" sap:sortable="false" sap:filterable="false"/>
                <Property Name="Zterm" Type="Edm.String" Nullable="false" MaxLength="4" sap:unicode="false" sap:label="Payt terms" sap:creatable="false" sap:updatable="false" sap:sortable="false" sap:filterable="false"/>
                <NavigationProperty Name="HeadToItemNav" Relationship="ZTESTMARIUSMONEA1_SRV.HeadToItemAss" FromRole="FromRole_HeadToItemAss" ToRole="ToRole_HeadToItemAss"/>
            </EntityType>
            <EntityType Name="POItem" sap:content-version="1">
                <Key>
                    <PropertyRef Name="Ebeln"/>
                    <PropertyRef Name="Ebelp"/>
                </Key>
                <Property Name="Ebeln" Type="Edm.String" Nullable="false" MaxLength="10" sap:unicode="false" sap:label="Purchasing Doc." sap:creatable="false" sap:updatable="false" sap:sortable="false" sap:filterable="false"/>
                <Property Name="Ebelp" Type="Edm.String" Nullable="false" MaxLength="5" sap:unicode="false" sap:label="Item" sap:creatable="false" sap:updatable="false" sap:sortable="false" sap:filterable="false"/>
                <Property Name="Loekz" Type="Edm.String" Nullable="false" MaxLength="1" sap:unicode="false" sap:label="Deletion ind." sap:creatable="false" sap:updatable="false" sap:sortable="false" sap:filterable="false"/>
                <Property Name="Statu" Type="Edm.String" Nullable="false" MaxLength="1" sap:unicode="false" sap:label="RFQ status" sap:creatable="false" sap:updatable="false" sap:sortable="false" sap:filterable="false"/>
                <Property Name="Txz01" Type="Edm.String" Nullable="false" MaxLength="40" sap:unicode="false" sap:label="Short Text" sap:creatable="false" sap:updatable="false" sap:sortable="false" sap:filterable="false"/>
                <Property Name="Matnr" Type="Edm.String" Nullable="false" MaxLength="40" sap:unicode="false" sap:label="Material" sap:creatable="false" sap:updatable="false" sap:sortable="false" sap:filterable="false"/>
                <Property Name="Werks" Type="Edm.String" Nullable="false" MaxLength="4" sap:unicode="false" sap:label="Plant" sap:creatable="false" sap:updatable="false" sap:sortable="false" sap:filterable="false"/>
                <Property Name="Lgort" Type="Edm.String" Nullable="false" MaxLength="4" sap:unicode="false" sap:label="Stor. Loc." sap:creatable="false" sap:updatable="false" sap:sortable="false" sap:filterable="false"/>
                <Property Name="Ktmng" Type="Edm.Decimal" Nullable="false" Precision="13" Scale="3" sap:unicode="false" sap:label="Target Quantity" sap:creatable="false" sap:updatable="false" sap:sortable="false" sap:filterable="false"/>
                <Property Name="Menge" Type="Edm.Decimal" Nullable="false" Precision="13" Scale="3" sap:unicode="false" sap:label="PO Quantity" sap:creatable="false" sap:updatable="false" sap:sortable="false" sap:filterable="false"/>
                <NavigationProperty Name="ItemToCustomNav" Relationship="ZTESTMARIUSMONEA1_SRV.ItemToCustomAss" FromRole="FromRole_ItemToCustomAss" ToRole="ToRole_ItemToCustomAss"/>
            </EntityType>
            <EntityType Name="zekkoekpo" sap:content-version="1">
                <Key>
                    <PropertyRef Name="Ebeln"/>
                    <PropertyRef Name="Ebelp"/>
                </Key>
                <Property Name="Ebeln" Type="Edm.String" Nullable="false" MaxLength="10" sap:unicode="false" sap:label="Purchasing Doc." sap:creatable="false" sap:updatable="false" sap:sortable="false" sap:filterable="false"/>
                <Property Name="Ebelp" Type="Edm.String" Nullable="false" MaxLength="5" sap:unicode="false" sap:label="Item" sap:creatable="false" sap:updatable="false" sap:sortable="false" sap:filterable="false"/>
                <Property Name="Bukrs" Type="Edm.String" Nullable="false" MaxLength="4" sap:unicode="false" sap:label="Company Code" sap:creatable="false" sap:updatable="false" sap:sortable="false" sap:filterable="false"/>
                <Property Name="Bsart" Type="Edm.String" Nullable="false" MaxLength="4" sap:unicode="false" sap:label="Document Type" sap:creatable="false" sap:updatable="false" sap:sortable="false" sap:filterable="false"/>
                <Property Name="Matnr" Type="Edm.String" Nullable="false" MaxLength="40" sap:unicode="false" sap:label="Material" sap:creatable="false" sap:updatable="false" sap:sortable="false" sap:filterable="false"/>
                <Property Name="Werks" Type="Edm.String" Nullable="false" MaxLength="4" sap:unicode="false" sap:label="Plant" sap:creatable="false" sap:updatable="false" sap:sortable="false" sap:filterable="false"/>
                <Property Name="Meins" Type="Edm.String" Nullable="false" MaxLength="3" sap:unicode="false" sap:label="Order Unit" sap:creatable="false" sap:updatable="false" sap:sortable="false" sap:filterable="false" sap:semantics="unit-of-measure"/>
                <Property Name="Menge" Type="Edm.Decimal" Nullable="false" Precision="13" Scale="3" sap:unicode="false" sap:label="PO Quantity" sap:creatable="false" sap:updatable="false" sap:sortable="false" sap:filterable="false"/>
                <Property Name="Loekz" Type="Edm.String" Nullable="false" MaxLength="1" sap:unicode="false" sap:label="Deletion ind." sap:creatable="false" sap:updatable="false" sap:sortable="false" sap:filterable="false"/>
            </EntityType>
            <Association Name="ItemToCustomAss" sap:content-version="1">
                <End Type="ZTESTMARIUSMONEA1_SRV.POItem" Multiplicity="1" Role="FromRole_ItemToCustomAss"/>
                <End Type="ZTESTMARIUSMONEA1_SRV.zekkoekpo" Multiplicity="0..1" Role="ToRole_ItemToCustomAss"/>
                <ReferentialConstraint>
                    <Principal Role="FromRole_ItemToCustomAss">
                        <PropertyRef Name="Ebeln"/>
                        <PropertyRef Name="Ebelp"/>
                    </Principal>
                    <Dependent Role="ToRole_ItemToCustomAss">
                        <PropertyRef Name="Ebeln"/>
                        <PropertyRef Name="Ebelp"/>
                    </Dependent>
                </ReferentialConstraint>
            </Association>
            <Association Name="HeadToItemAss" sap:content-version="1">
                <End Type="ZTESTMARIUSMONEA1_SRV.POHeader" Multiplicity="1" Role="FromRole_HeadToItemAss"/>
                <End Type="ZTESTMARIUSMONEA1_SRV.POItem" Multiplicity="*" Role="ToRole_HeadToItemAss"/>
                <ReferentialConstraint>
                    <Principal Role="FromRole_HeadToItemAss">
                        <PropertyRef Name="Ebeln"/>
                    </Principal>
                    <Dependent Role="ToRole_HeadToItemAss">
                        <PropertyRef Name="Ebeln"/>
                    </Dependent>
                </ReferentialConstraint>
            </Association>
            <EntityContainer Name="ZTESTMARIUSMONEA1_SRV_Entities" m:IsDefaultEntityContainer="true" sap:supported-formats="atom json xlsx">
                <EntitySet Name="POHeaderSet" EntityType="ZTESTMARIUSMONEA1_SRV.POHeader" sap:creatable="false" sap:updatable="false" sap:deletable="false" sap:pageable="false" sap:content-version="1"/>
                <EntitySet Name="POItemSet" EntityType="ZTESTMARIUSMONEA1_SRV.POItem" sap:creatable="false" sap:updatable="false" sap:deletable="false" sap:pageable="false" sap:content-version="1"/>
                <EntitySet Name="zekkoekpoSet" EntityType="ZTESTMARIUSMONEA1_SRV.zekkoekpo" sap:creatable="false" sap:updatable="false" sap:deletable="false" sap:pageable="false" sap:content-version="1"/>
                <AssociationSet Name="HeadToItemAssSet" Association="ZTESTMARIUSMONEA1_SRV.HeadToItemAss" sap:creatable="false" sap:updatable="false" sap:deletable="false" sap:content-version="1">
                    <End EntitySet="POHeaderSet" Role="FromRole_HeadToItemAss"/>
                    <End EntitySet="POItemSet" Role="ToRole_HeadToItemAss"/>
                </AssociationSet>
                <AssociationSet Name="ItemToCustomAssSet" Association="ZTESTMARIUSMONEA1_SRV.ItemToCustomAss" sap:creatable="false" sap:updatable="false" sap:deletable="false" sap:content-version="1">
                    <End EntitySet="POItemSet" Role="FromRole_ItemToCustomAss"/>
                    <End EntitySet="zekkoekpoSet" Role="ToRole_ItemToCustomAss"/>
                </AssociationSet>
            </EntityContainer>
            <atom:link
                xmlns:atom="http://www.w3.org/2005/Atom" rel="self" href="./sap/ZTESTMARIUSMONEA1_SRV/$metadata"/>
                <atom:link
                    xmlns:atom="http://www.w3.org/2005/Atom" rel="latest-version" href="./sap/ZTESTMARIUSMONEA1_SRV/$metadata"/>
                </Schema>
            </edmx:DataServices>
        </edmx:Edmx>